provincia_id,provincia,in_departamentos,departamento
2,CABA,2007,Comuna 1
2,CABA,2014,Comuna 2
2,CABA,2021,Comuna 3
2,CABA,2028,Comuna 4
2,CABA,2035,Comuna 5
2,CABA,2042,Comuna 6
2,CABA,2049,Comuna 7
2,CABA,2056,Comuna 8
2,CABA,2063,Comuna 9
2,CABA,2070,Comuna 10
2,CABA,2077,Comuna 11
2,CABA,2084,Comuna 12
2,CABA,2091,Comuna 13
2,CABA,2098,Comuna 14
2,CABA,2105,Comuna 15
6,Buenos Aires,6007,Adolfo Alsina
6,Buenos Aires,6014,Adolfo Gonzales Chaves
6,Buenos Aires,6021,Alberti
6,Buenos Aires,6028,Almirante Brown
6,Buenos Aires,6035,Avellaneda
6,Buenos Aires,6042,Ayacucho
6,Buenos Aires,6049,Azul
6,Buenos Aires,6056,Bahía Blanca
6,Buenos Aires,6063,Balcarce
6,Buenos Aires,6070,Baradero
6,Buenos Aires,6077,Arrecifes
6,Buenos Aires,6084,Benito Juárez
6,Buenos Aires,6091,Berazategui
6,Buenos Aires,6098,Berisso
6,Buenos Aires,6105,Bolívar
6,Buenos Aires,6112,Bragado
6,Buenos Aires,6119,Brandsen
6,Buenos Aires,6126,Campana
6,Buenos Aires,6134,Cañuelas
6,Buenos Aires,6140,Capitán Sarmiento
6,Buenos Aires,6147,Carlos Casares
6,Buenos Aires,6154,Carlos Tejedor
6,Buenos Aires,6161,Carmen de Areco
6,Buenos Aires,6168,Castelli
6,Buenos Aires,6175,Colón
6,Buenos Aires,6182,Coronel de Marina Leonardo Rosales
6,Buenos Aires,6189,Coronel Dorrego
6,Buenos Aires,6196,Coronel Pringles
6,Buenos Aires,6203,Coronel Suárez
6,Buenos Aires,6210,Chacabuco
6,Buenos Aires,6217,Chascomús
6,Buenos Aires,6224,Chivilcoy
6,Buenos Aires,6231,Daireaux
6,Buenos Aires,6238,Dolores
6,Buenos Aires,6245,Ensenada
6,Buenos Aires,6252,Escobar
6,Buenos Aires,6260,Esteban Echeverría
6,Buenos Aires,6266,Exaltación de la Cruz
6,Buenos Aires,6270,Ezeiza
6,Buenos Aires,6274,Florencio Varela
6,Buenos Aires,6277,Florentino Ameghino
6,Buenos Aires,6280,General Alvarado
6,Buenos Aires,6287,General Alvear
6,Buenos Aires,6294,General Arenales
6,Buenos Aires,6301,General Belgrano
6,Buenos Aires,6308,General Guido
6,Buenos Aires,6315,General Juan Madariaga
6,Buenos Aires,6322,General La Madrid
6,Buenos Aires,6329,General Las Heras
6,Buenos Aires,6336,General Lavalle
6,Buenos Aires,6343,General Paz
6,Buenos Aires,6351,General Pinto
6,Buenos Aires,6357,General Pueyrredón
6,Buenos Aires,6364,General Rodríguez
6,Buenos Aires,6371,General San Martín
6,Buenos Aires,6385,General Viamonte
6,Buenos Aires,6392,General Villegas
6,Buenos Aires,6399,Guaminí
6,Buenos Aires,6406,Hipólito Yrigoyen
6,Buenos Aires,6408,Hurlingham
6,Buenos Aires,6410,Ituzaingó
6,Buenos Aires,6412,José C. Paz
6,Buenos Aires,6413,Junín
6,Buenos Aires,6420,La Costa
6,Buenos Aires,6427,La Matanza
6,Buenos Aires,6434,Lanús
6,Buenos Aires,6441,La Plata
6,Buenos Aires,6448,Laprida
6,Buenos Aires,6455,Las Flores
6,Buenos Aires,6462,Leandro N. Alem
6,Buenos Aires,6466,Lezama
6,Buenos Aires,6469,Lincoln
6,Buenos Aires,6476,Lobería
6,Buenos Aires,6483,Lobos
6,Buenos Aires,6490,Lomas de Zamora
6,Buenos Aires,6497,Luján
6,Buenos Aires,6505,Magdalena
6,Buenos Aires,6511,Maipú
6,Buenos Aires,6515,Malvinas Argentinas
6,Buenos Aires,6518,Mar Chiquita
6,Buenos Aires,6525,Marcos Paz
6,Buenos Aires,6532,Mercedes
6,Buenos Aires,6539,Merlo
6,Buenos Aires,6547,Monte
6,Buenos Aires,6553,Monte Hermoso
6,Buenos Aires,6560,Moreno
6,Buenos Aires,6568,Morón
6,Buenos Aires,6574,Navarro
6,Buenos Aires,6581,Necochea
6,Buenos Aires,6588,9 de Julio
6,Buenos Aires,6595,Olavarría
6,Buenos Aires,6602,Patagones
6,Buenos Aires,6609,Pehuajó
6,Buenos Aires,6616,Pellegrini
6,Buenos Aires,6623,Pergamino
6,Buenos Aires,6630,Pila
6,Buenos Aires,6638,Pilar
6,Buenos Aires,6644,Pinamar
6,Buenos Aires,6648,Presidente Perón
6,Buenos Aires,6651,Puán
6,Buenos Aires,6655,Punta Indio
6,Buenos Aires,6658,Quilmes
6,Buenos Aires,6665,Ramallo
6,Buenos Aires,6672,Rauch
6,Buenos Aires,6679,Rivadavia
6,Buenos Aires,6686,Rojas
6,Buenos Aires,6693,Roque Pérez
6,Buenos Aires,6700,Saavedra
6,Buenos Aires,6707,Saladillo
6,Buenos Aires,6714,Salto
6,Buenos Aires,6721,Salliqueló
6,Buenos Aires,6728,San Andrés de Giles
6,Buenos Aires,6735,San Antonio de Areco
6,Buenos Aires,6742,San Cayetano
6,Buenos Aires,6749,San Fernando
6,Buenos Aires,6756,San Isidro
6,Buenos Aires,6760,San Miguel
6,Buenos Aires,6763,San Nicolás
6,Buenos Aires,6770,San Pedro
6,Buenos Aires,6778,San Vicente
6,Buenos Aires,6784,Suipacha
6,Buenos Aires,6791,Tandil
6,Buenos Aires,6798,Tapalqué
6,Buenos Aires,6805,Tigre
6,Buenos Aires,6812,Tordillo
6,Buenos Aires,6819,Tornquist
6,Buenos Aires,6826,Trenque Lauquen
6,Buenos Aires,6833,Tres Arroyos
6,Buenos Aires,6840,Tres de Febrero
6,Buenos Aires,6847,Tres Lomas
6,Buenos Aires,6854,25 de Mayo
6,Buenos Aires,6861,Vicente López
6,Buenos Aires,6868,Villa Gesell
6,Buenos Aires,6875,Villarino
6,Buenos Aires,6882,Zárate
10,Catamarca,10007,Ambato
10,Catamarca,10014,Ancasti
10,Catamarca,10021,Andalgalá
10,Catamarca,10028,Antofagasta de la Sierra
10,Catamarca,10035,Belén
10,Catamarca,10042,Capayán
10,Catamarca,10049,Capital
10,Catamarca,10056,El Alto
10,Catamarca,10063,Fray Mamerto Esquiú
10,Catamarca,10070,La Paz
10,Catamarca,10077,Paclín
10,Catamarca,10084,Pomán
10,Catamarca,10091,Santa María
10,Catamarca,10098,Santa Rosa
10,Catamarca,10105,Tinogasta
10,Catamarca,10112,Valle Viejo
14,Cordoba,14007,Calamuchita
14,Cordoba,14014,Capital
14,Cordoba,14021,Colón
14,Cordoba,14028,Cruz del Eje
14,Cordoba,14035,General Roca
14,Cordoba,14042,General San Martín
14,Cordoba,14049,Ischilín
14,Cordoba,14056,Juárez Celman
14,Cordoba,14063,Marcos Juárez
14,Cordoba,14070,Minas
14,Cordoba,14077,Pocho
14,Cordoba,14084,Presidente Roque Sáenz Peña
14,Cordoba,14091,Punilla
14,Cordoba,14098,Río Cuarto
14,Cordoba,14105,Río Primero
14,Cordoba,14112,Río Seco
14,Cordoba,14119,Río Segundo
14,Cordoba,14126,San Alberto
14,Cordoba,14133,San Javier
14,Cordoba,14140,San Justo
14,Cordoba,14147,Santa María
14,Cordoba,14154,Sobremonte
14,Cordoba,14161,Tercero Arriba
14,Cordoba,14168,Totoral
14,Cordoba,14175,Tulumba
14,Cordoba,14182,Unión
18,Corrientes,18007,Bella Vista
18,Corrientes,18014,Berón de Astrada
18,Corrientes,18021,Capital
18,Corrientes,18028,Concepción
18,Corrientes,18035,Curuzú Cuatiá
18,Corrientes,18042,Empedrado
18,Corrientes,18049,Esquina
18,Corrientes,18056,General Alvear
18,Corrientes,18063,General Paz
18,Corrientes,18070,Goya
18,Corrientes,18077,Itatí
18,Corrientes,18084,Ituzaingó
18,Corrientes,18091,Lavalle
18,Corrientes,18098,Mburucuyá
18,Corrientes,18105,Mercedes
18,Corrientes,18112,Monte Caseros
18,Corrientes,18119,Paso de los Libres
18,Corrientes,18126,Saladas
18,Corrientes,18133,San Cosme
18,Corrientes,18140,San Luis del Palmar
18,Corrientes,18147,San Martín
18,Corrientes,18154,San Miguel
18,Corrientes,18161,San Roque
18,Corrientes,18168,Santo Tomé
18,Corrientes,18175,Sauce
22,Chaco,22007,Almirante Brown
22,Chaco,22014,Bermejo
22,Chaco,22021,Comandante Fernández
22,Chaco,22028,Chacabuco
22,Chaco,22036,12 de Octubre
22,Chaco,22039,2 de Abril
22,Chaco,22043,Fray Justo Santa María de Oro
22,Chaco,22049,General Belgrano
22,Chaco,22056,General Donovan
22,Chaco,22063,General Güemes
22,Chaco,22070,Independencia
22,Chaco,22077,Libertad
22,Chaco,22084,Libertador General San Martín
22,Chaco,22091,Maipú
22,Chaco,22098,Mayor Luis J. Fontana
22,Chaco,22105,9 de Julio
22,Chaco,22112,O'Higgins
22,Chaco,22119,Presidencia de la Plaza
22,Chaco,22126,1° de Mayo
22,Chaco,22133,Quitilipi
22,Chaco,22140,San Fernando
22,Chaco,22147,San Lorenzo
22,Chaco,22154,Sargento Cabral
22,Chaco,22161,Tapenagá
22,Chaco,22168,25 de Mayo
26,Chubut,26007,Biedma
26,Chubut,26014,Cushamen
26,Chubut,26021,Escalante
26,Chubut,26028,Florentino Ameghino
26,Chubut,26035,Futaleufú
26,Chubut,26042,Gaiman
26,Chubut,26049,Gastre
26,Chubut,26056,Languiñeo
26,Chubut,26063,Mártires
26,Chubut,26070,Paso de Indios
26,Chubut,26077,Rawson
26,Chubut,26084,Río Senguer
26,Chubut,26091,Sarmiento
26,Chubut,26098,Tehuelches
26,Chubut,26105,Telsen
30,Entre Rios,30008,Colón
30,Entre Rios,30015,Concordia
30,Entre Rios,30021,Diamante
30,Entre Rios,30028,Federación
30,Entre Rios,30035,Federal
30,Entre Rios,30042,Feliciano
30,Entre Rios,30049,Gualeguay
30,Entre Rios,30056,Gualeguaychú
30,Entre Rios,30063,Islas del Ibicuy
30,Entre Rios,30070,La Paz
30,Entre Rios,30077,Nogoyá
30,Entre Rios,30084,Paraná
30,Entre Rios,30088,San Salvador
30,Entre Rios,30091,Tala
30,Entre Rios,30098,Uruguay
30,Entre Rios,30105,Victoria
30,Entre Rios,30113,Villaguay
34,Formosa,34007,Bermejo
34,Formosa,34014,Formosa
34,Formosa,34021,Laishi
34,Formosa,34028,Matacos
34,Formosa,34035,Patiño
34,Formosa,34042,Pilagás
34,Formosa,34049,Pilcomayo
34,Formosa,34056,Pirané
34,Formosa,34063,Ramón Lista
38,Jujuy,38007,Cochinoca
38,Jujuy,38014,El Carmen
38,Jujuy,38021,Dr. Manuel Belgrano
38,Jujuy,38028,Humahuaca
38,Jujuy,38035,Ledesma
38,Jujuy,38042,Palpalá
38,Jujuy,38049,Rinconada
38,Jujuy,38056,San Antonio
38,Jujuy,38063,San Pedro
38,Jujuy,38070,Santa Bárbara
38,Jujuy,38077,Santa Catalina
38,Jujuy,38084,Susques
38,Jujuy,38094,Tilcara
38,Jujuy,38098,Tumbaya
38,Jujuy,38105,Valle Grande
38,Jujuy,38112,Yavi
42,La Pampa,42007,Atreucó
42,La Pampa,42014,Caleu Caleu
42,La Pampa,42021,Capital
42,La Pampa,42028,Catriló
42,La Pampa,42035,Conhelo
42,La Pampa,42042,Curacó
42,La Pampa,42049,Chalileo
42,La Pampa,42056,Chapaleufú
42,La Pampa,42063,Chical Co
42,La Pampa,42070,Guatraché
42,La Pampa,42077,Hucal
42,La Pampa,42084,Lihuel Calel
42,La Pampa,42091,Limay Mahuida
42,La Pampa,42098,Loventué
42,La Pampa,42105,Maracó
42,La Pampa,42112,Puelén
42,La Pampa,42119,Quemú Quemú
42,La Pampa,42126,Rancul
42,La Pampa,42133,Realicó
42,La Pampa,42140,Toay
42,La Pampa,42147,Trenel
42,La Pampa,42154,Utracán
46,La Rioja,46007,Arauco
46,La Rioja,46014,Capital
46,La Rioja,46021,Castro Barros
46,La Rioja,46028,General Felipe Varela
46,La Rioja,46035,Chamical
46,La Rioja,46042,Chilecito
46,La Rioja,46049,Famatina
46,La Rioja,46056,Ángel Vicente Peñaloza
46,La Rioja,46063,General Belgrano
46,La Rioja,46070,General Juan Facundo Quiroga
46,La Rioja,46077,General Lamadrid
46,La Rioja,46084,General Ortiz de Ocampo
46,La Rioja,46091,General San Martín
46,La Rioja,46098,Vinchina
46,La Rioja,46105,Independencia
46,La Rioja,46112,Rosario Vera Peñaloza
46,La Rioja,46119,San Blas de Los Sauces
46,La Rioja,46126,Sanagasta
50,Mendoza,50007,Capital
50,Mendoza,50014,General Alvear
50,Mendoza,50021,Godoy Cruz
50,Mendoza,50028,Guaymallén
50,Mendoza,50035,Junín
50,Mendoza,50042,La Paz
50,Mendoza,50049,Las Heras
50,Mendoza,50056,Lavalle
50,Mendoza,50063,Luján de Cuyo
50,Mendoza,50070,Maipú
50,Mendoza,50077,Malargüe
50,Mendoza,50084,Rivadavia
50,Mendoza,50091,San Carlos
50,Mendoza,50098,San Martín
50,Mendoza,50105,San Rafael
50,Mendoza,50112,Santa Rosa
50,Mendoza,50119,Tunuyán
50,Mendoza,50126,Tupungato
54,Misiones,54007,Apóstoles
54,Misiones,54014,Cainguás
54,Misiones,54021,Candelaria
54,Misiones,54028,Capital
54,Misiones,54035,Concepción
54,Misiones,54042,Eldorado
54,Misiones,54049,General Manuel Belgrano
54,Misiones,54056,Guaraní
54,Misiones,54063,Iguazú
54,Misiones,54070,Leandro N. Alem
54,Misiones,54077,Libertador General San Martín
54,Misiones,54084,Montecarlo
54,Misiones,54091,Oberá
54,Misiones,54098,San Ignacio
54,Misiones,54105,San Javier
54,Misiones,54112,San Pedro
54,Misiones,54119,25 de Mayo
58,Neuquen,58007,Aluminé
58,Neuquen,58014,Añelo
58,Neuquen,58021,Catán Lil
58,Neuquen,58028,Collón Curá
58,Neuquen,58035,Confluencia
58,Neuquen,58042,Chos Malal
58,Neuquen,58049,Huiliches
58,Neuquen,58056,Lácar
58,Neuquen,58063,Loncopué
58,Neuquen,58070,Los Lagos
58,Neuquen,58077,Minas
58,Neuquen,58084,Ñorquín
58,Neuquen,58091,Pehuenches
58,Neuquen,58098,Picún Leufú
58,Neuquen,58105,Picunches
58,Neuquen,58112,Zapala
62,Rio Negro,62007,Adolfo Alsina
62,Rio Negro,62014,Avellaneda
62,Rio Negro,62021,Bariloche
62,Rio Negro,62028,Conesa
62,Rio Negro,62035,El Cuy
62,Rio Negro,62042,General Roca
62,Rio Negro,62049,9 de Julio
62,Rio Negro,62056,Ñorquinco
62,Rio Negro,62063,Pichi Mahuida
62,Rio Negro,62070,Pilcaniyeu
62,Rio Negro,62077,San Antonio
62,Rio Negro,62084,Valcheta
62,Rio Negro,62091,25 de Mayo
66,Salta,66007,Anta
66,Salta,66014,Cachi
66,Salta,66021,Cafayate
66,Salta,66028,Capital
66,Salta,66035,Cerrillos
66,Salta,66042,Chicoana
66,Salta,66049,General Güemes
66,Salta,66056,General José de San Martín
66,Salta,66063,Guachipas
66,Salta,66070,Iruya
66,Salta,66077,La Caldera
66,Salta,66084,La Candelaria
66,Salta,66091,La Poma
66,Salta,66098,La Viña
66,Salta,66105,Los Andes
66,Salta,66112,Metán
66,Salta,66119,Molinos
66,Salta,66126,Orán
66,Salta,66133,Rivadavia
66,Salta,66140,Rosario de la Frontera
66,Salta,66147,Rosario de Lerma
66,Salta,66154,San Carlos
66,Salta,66161,Santa Victoria
70,San Juan,70007,Albardón
70,San Juan,70014,Angaco
70,San Juan,70021,Calingasta
70,San Juan,70028,Capital
70,San Juan,70035,Caucete
70,San Juan,70042,Chimbas
70,San Juan,70049,Iglesia
70,San Juan,70056,Jáchal
70,San Juan,70063,9 de Julio
70,San Juan,70070,Pocito
70,San Juan,70077,Rawson
70,San Juan,70084,Rivadavia
70,San Juan,70091,San Martín
70,San Juan,70098,Santa Lucía
70,San Juan,70105,Sarmiento
70,San Juan,70112,Ullum
70,San Juan,70119,Valle Fértil
70,San Juan,70126,25 de Mayo
70,San Juan,70133,Zonda
74,San Luis,74007,Ayacucho
74,San Luis,74014,Belgrano
74,San Luis,74021,Coronel Pringles
74,San Luis,74028,Chacabuco
74,San Luis,74035,General Pedernera
74,San Luis,74042,Gobernador Dupuy
74,San Luis,74049,Junín
74,San Luis,74056,Juan Martín de Pueyrredón
74,San Luis,74063,Libertador General San Martín
78,Santa Cruz,78007,Corpen Aike
78,Santa Cruz,78014,Deseado
78,Santa Cruz,78021,Güer Aike
78,Santa Cruz,78028,Lago Argentino
78,Santa Cruz,78035,Lago Buenos Aires
78,Santa Cruz,78042,Magallanes
78,Santa Cruz,78049,Río Chico
82,Santa Fe,82007,Belgrano
82,Santa Fe,82014,Caseros
82,Santa Fe,82021,Castellanos
82,Santa Fe,82028,Constitución
82,Santa Fe,82035,Garay
82,Santa Fe,82042,General López
82,Santa Fe,82049,General Obligado
82,Santa Fe,82056,Iriondo
82,Santa Fe,82063,La Capital
82,Santa Fe,82070,Las Colonias
82,Santa Fe,82077,9 de Julio
82,Santa Fe,82084,Rosario
82,Santa Fe,82091,San Cristóbal
82,Santa Fe,82098,San Javier
82,Santa Fe,82105,San Jerónimo
82,Santa Fe,82112,San Justo
82,Santa Fe,82119,San Lorenzo
82,Santa Fe,82126,San Martín
82,Santa Fe,82133,Vera
86,Santiago Del Estero,86007,Aguirre
86,Santiago Del Estero,86014,Alberdi
86,Santiago Del Estero,86021,Atamisqui
86,Santiago Del Estero,86028,Avellaneda
86,Santiago Del Estero,86035,Banda
86,Santiago Del Estero,86042,Belgrano
86,Santiago Del Estero,86049,Capital
86,Santiago Del Estero,86056,Copo
86,Santiago Del Estero,86063,Choya
86,Santiago Del Estero,86070,Figueroa
86,Santiago Del Estero,86077,General Taboada
86,Santiago Del Estero,86084,Guasayán
86,Santiago Del Estero,86091,Jiménez
86,Santiago Del Estero,86098,Juan Felipe Ibarra
86,Santiago Del Estero,86105,Loreto
86,Santiago Del Estero,86112,Mitre
86,Santiago Del Estero,86119,Moreno
86,Santiago Del Estero,86126,Ojo de Agua
86,Santiago Del Estero,86133,Pellegrini
86,Santiago Del Estero,86140,Quebrachos
86,Santiago Del Estero,86147,Río Hondo
86,Santiago Del Estero,86154,Rivadavia
86,Santiago Del Estero,86161,Robles
86,Santiago Del Estero,86168,Salavina
86,Santiago Del Estero,86175,San Martín
86,Santiago Del Estero,86182,Sarmiento
86,Santiago Del Estero,86189,Silípica
90,Tucuman,90007,Burruyacú
90,Tucuman,90014,Cruz Alta
90,Tucuman,90021,Chicligasta
90,Tucuman,90028,Famaillá
90,Tucuman,90035,Graneros
90,Tucuman,90042,Juan Bautista Alberdi
90,Tucuman,90049,La Cocha
90,Tucuman,90056,Leales
90,Tucuman,90063,Lules
90,Tucuman,90070,Monteros
90,Tucuman,90077,Río Chico
90,Tucuman,90084,Capital
90,Tucuman,90091,Simoca
90,Tucuman,90098,Tafí del Valle
90,Tucuman,90105,Tafí Viejo
90,Tucuman,90112,Trancas
90,Tucuman,90119,Yerba Buena
94,Tierra Del Fuego,94007,Río Grande
94,Tierra Del Fuego,94011,Tolhuin
94,Tierra Del Fuego,94014,Ushuaia
